baseProduct,name,crossedPrice_value,price_value,discount
M064LB_ALLS,Cora Suede Jacket,,1650.0,
W075DD_ALLS,Feyre Relaxed Fit Mini Dress,,500.0,
MK129D_ALLS,Mode Merino Crew Neck Ramskull Jumper,,435.0,
WM111S_ALLS,Anna T-Shirt,,195.0,
WM054Q_ALLS,Rina Crew Neck Sleeveless Tank Top,,150.0,
MF118W_ALLS,Brace Pullover Brushed Cotton Hoodie,,375.0,
M062LB_ALLS,Milo Asymmetric Zip Leather Biker Jacket,,1745.0,
M003NZ_ALLS,Raven Pullover Ramskull Hoodie,,515.0,
W128DB_ALLS,Bryony Midi Slip Dress,,645.0,
M071PC_ALLS,Xander Oversized Short Sleeve Polo Shirt,,410.0,
W040FD_ALLS,Holly Leather Stud Ballet Flats,,970.0,
W036TD_ALLS,Poppy Brown Chino Trousers,,755.0,
W013JD_ALLS,Dael Smocked Slim Top,,330.0,
M058NB_ALLS,Orlando Oversized Crew Neck Sweatshirt,,590.0,
W041PD_ALLS,Pearla High Neck Floral Print Top,,820.0,
W084LB_ALLS,Balfern Leather Biker Jacket,,1895.0,
W019DD_ALLS,Xena Floral Print Mini Dress,,820.0,
W189JD_ALLS,Ellie Floral Print Mesh T-Shirt,,235.0,
M006SD_ALLS,Fleur Peace Linen Shirt,,650.0,
W027OD_ALLS,Willow Leopard Print Denim Jacket,,1025.0,
W002DD_ALLS,Taylen Floral Print Midi Dress,,1330.0,
W023DD_ALLS,Alexia V-Neck Drawstring Midi Slip Dress,,1080.0,
W029JZ_ALLS,Underground Oversized Crew Neck T-Shirt,,355.0,
W089PD_ALLS,Hettie Illusion Oversized Shacket,,820.0,
W061TD_ALLS,Tyler Illusion Wide Leg Trousers,,750.0,
M052SD_ALLS,Iniko Ramskull Relaxed Shirt,,590.0,
W064RD_ALLS,Jax Pleated Midi Skirt,,860.0,
W065JD_ALLS,Craneo Amelie Oversized T-shirt,,485.0,
W344XD_ALLS,Izzy Leopard Large Tote Bag,,860.0,
W033ED_ALLS,Louie Wide Leg Shorts,,535.0,
WP531Z_ALLS,Kaye Straight Fit Drawcord Trousers,,860.0,
W050JD_ALLS,Seyma Jersey Bodycon Top,,375.0,
W029DD_ALLS,Xantara Shirred Maxi Dress,,1620.0,
W021JD_ALLS,Lena Anna Floral T-Shirt,,300.0,
W326DB_ALLS,Jax 2-in-1 Maxi Dress,,1185.0,
W028TD_ALLS,Ash Wide Leg Leather Trousers,,1835.0,
M171XB_ALLS,Large Tierra Tote Bag,,180.0,
M294XB_ALLS,Delph Haven Leather Wallet,,265.0,
W197DD_ALLS,Alexia Sleeveless Maxi Dress,,1435.0,
W098ED_ALLS,Ember Sparkle Embellished Jeans,,820.0,
W078KC_ALLS,Luvheart Crew Neck Jumper,,920.0,
W144JD_ALLS,Ania Etta Oversized Sweatshirt,,560.0,
M001PD_ALLS,Bedfellow Oversized Graphic T-Shirt,,355.0,
M042NB_ALLS,Underground Half Zip Sweatshirt,,805.0,
M004PD_ALLS,Defiance Oversized Graphic T-Shirt,,355.0,
W032LD_ALLS,Orten Wilder Leather Bomber Jacket,,1995.0,
M053KD_ALLS,Saints Wool Blend Jumper,,915.0,
W072RD_ALLS,ALLY TULLE SKIRT,,615.0,
M031KD_ALLS,Tenter Oversized Wool Jumper,,850.0,
M063SD_ALLS,Akan Long Sleeve Embroidered Shirt,,650.0,
M064PE_ALLS,Williams X AllSaints Burnout Crew Neck T-Shirt,,355.0,
W060KD_ALLS,Sirius Cable Tank,,800.0,
M110PC_ALLS,Williams X AllSaints Pole Crew Neck T-Shirt,,355.0,
W083KD_ALLS,Elias Long Gilet,,1500.0,
W007ED_ALLS,Ember Flared Bootcut Jeans,,700.0,
M010SD_ALLS,Twined Short Sleeve Shirt,,650.0,
W014ED_ALLS,Brooklyn Straight Leg Jeans,,700.0,
M047SD_ALLS,Nolan Long Sleeve Shirt,,600.0,
M026KE_ALLS,RIDGES CREW,,750.0,
W061PD_ALLS,VENNA SHIRT,,820.0,
W181DD_ALLS,Monica Evening Maxi Dress,,900.0,
W088JD_ALLS,Vision Amelie Oversized T-shirt,,330.0,
W069RD_ALLS,RORY LACE MAXI SKIRT,,1300.0,
M084SD_ALLS,Motif Short Sleeve Shirt,,650.0,
W052QD_ALLS,NOA TROUSER,,1050.0,
M064SD_ALLS,Yodo Long Sleeve Shirt,,650.0,
W020RB_ALLS,Renai Leather Mini Skirt,,850.0,
W087ED_ALLS,MIA SPARKLE JEAN,,850.0,
M058LD_ALLS,Williams X AllSaints Garrison Leather Jacket,,3200.0,
M298XB_ALLS,Williams X AllSaints Jacquard Socks 2 Pack,,150.0,
W118JD_ALLS,Pins Oversized Ettienne Hoodie,,850.0,
W077KD_ALLS,Rubi Embellished Cardigan,,1300.0,
W018PD_ALLS,Aude Ruffle Cape Top,,950.0,
W294JC_ALLS,Williams X AllSaints Burnout Stevie T-Shirt,,330.0,
W510XD_ALLS,Ares Grain Compact Crossbody Bag,,1050.0,
W601XD_ALLS,IZZY ZEBRA E/W TOTE,,850.0,
M032NC_ALLS,Williams X AllSaints Apex Zip Sweatshirt,,950.0,
M175XC_ALLS,Itoko Leather Bum Bag,,800.0,
W132DD_ALLS,Fleur Asymmetric Dress,,1150.0,
M266XB_ALLS,Isamu Tierra Embossed Leather Cardholder,,275.0,
W120PD_ALLS,Aria Lace Top,,410.0,
W086KD_ALLS,Punk Crew Neck Jumper,,900.0,
M043PD_ALLS,Kindred Oversized Graphic T-Shirt,,375.0,
M076SD_ALLS,Rohdi Long Sleeve Overshirt,,600.0,
M036TD_ALLS,Odessa Embroidered Joggers,,650.0,
M027JB_ALLS,ROWE LS CREW,,325.0,
M040PD_ALLS,Gardens Oversized Graphic T-Shirt,,375.0,
W093PD_ALLS,HETTIE XTAL SHACKET,,900.0,
W189DD_ALLS,Jax 2-in-1 Pardus Dress,,1500.0,
W086KB_ALLS,Tara Wool Blend Jumper,,1000.0,
W091KD_ALLS,REBEL PIRATE CARDI,,1800.0,
W493XD_ALLS,Ares Grain Leather Shoulder Bag,,1600.0,
W512XD_ALLS,Ares Grain Holdall Bag,,2500.0,
W051QD_ALLS,NOA BLAZER,,1300.0,
M039KD_ALLS,Storm Oversized Wool Blend Jumper,,905.0,
WL115E_ALLS,Balfern Leather Biker Jacket,,1600.0,
MD008G_ALLS,Figure Crew T-Shirt,,260.0,
WL192Z_ALLS,Dalby Slim Fit Leather Biker Jacket,,1685.0,
WL029X_ALLS,BILLIE BIKER,,1980.0,
M081SA_ALLS,Hudson Relaxed Fit Ramskull Shirt,,390.0,
W311XB_ALLS,Izzy Large Logo Knitted Tote Bag,,620.0,
W091LB_ALLS,Billie Relaxed Fit Leather Biker Jacket,,1980.0,
M016WC_ALLS,Orlando Slim Fit Printed Swim Shorts,,355.0,
M159SB_ALLS,Venice Revere Collar Ramskull Shirt,,510.0,
M028JB_ALLS,Tonic Crew Neck Slim Ramskull T-Shirt,,180.0,
M001NC_ALLS,Redact Pullover Embroidered Logo Hoodie,,700.0,
W086LB_ALLS,Dalby Slim Fit Leather Biker Jacket,,1640.0,
M084KB_ALLS,Mode Merino Zip Up Ramskull Hoodie,,560.0,
W220JC_ALLS,Lisa Haven T-Shirt,,265.0,
M068PB_ALLS,Sanctum Logo Print Oversized T-Shirt,,355.0,
M061LB_ALLS,Survey Double Layered Leather Blazer,,2350.0,
W126LB_ALLS,Sofi Drawstring Leather Bomber Jacket,,1980.0,
M164XB_ALLS,Carabiner Embossed Leather Backpack,,1280.0,
M058SC_ALLS,Fleur Relaxed Fit Floral Shirt,,650.0,
W107DC_ALLS,Rach Floral Print Mini Dress,,990.0,
M038PC_ALLS,Underground Sleeveless Crew Neck T-Shirt,,285.0,
W072RC_ALLS,Cavarly Maxi Skirt,,920.0,
M038TC_ALLS,Hanbury Straight Fit Trousers,,665.0,
M086KB_ALLS,Mode Merino Short Sleeve Ramskull Polo Shirt,,440.0,
W172DC_ALLS,Leia Harley 2-in-1 Midi Dress,,1290.0,
M032PC_ALLS,Breaker Short Sleeve T-Shirt,,355.0,
M160SC_ALLS,Bandol Long Sleeve Relaxed Shirt,,690.0,
W095PC_ALLS,Hettie Oversized Shacket,,700.0,
W206DC_ALLS,Cavarly Tiered Ruffle Maxi Dress,,1190.0,
M153SC_ALLS,Bandol Short Sleeve Relaxed Shirt,,645.0,
W095PD_ALLS,Hettie Oversized Denim Shacket,,860.0,
W247DC_ALLS,Lil Midi Dress,,820.0,
M158SC_ALLS,Kylo Short Sleeve Shirt,,690.0,
W399XC_ALLS,IZZY SPRAY E/W TOTE,,620.0,
W002KD_ALLS,Honor V-Neck Cardigan,,860.0,
M061PC_ALLS,Cove Crayon Graphic Oversized T-Shirt,,355.0,
M062PC_ALLS,Party Wave Oversized T-Shirt,,355.0,
W035TC_ALLS,Isla Printed Shorts,,510.0,
W073JD_ALLS,Amelie Embellished Oversized T-shirt,,510.0,
M006PD_ALLS,Future Short Sleeve T-Shirt,,355.0,
M019PD_ALLS,Reel Short Sleeve T-Shirt,,355.0,
M014KD_ALLS,Emotive Oversized Jacquard Cardigan,,970.0,
WM221M_ALLS,Imogen Tank,,140.0,
MD131G_ALLS,Brace Brushed Cotton Crew Neck T-Shirt,,190.0,
ML014P_ALLS,Cora Leather Snap Back Collar Jacket,,1650.0,
ML025N_ALLS,Milo Leather Biker Jacket,,1745.0,
ML051D_ALLS,Survey Leather Blazer,,2350.0,
ML141H_ALLS,Lark Leather Jacket,,1790.0,
MD001M_ALLS,Tonic V-neck T-Shirt,,175.0,
MK002D_ALLS,Mode Merino Ramskull Open Cardigan,,475.0,
MD119E_ALLS,Brace Tonic Long Sleeve Crew T-Shirt,,229.0,
MF028H_ALLS,Brace Zip Up Brushed Cotton Hoodie,,320.0,
MF064M_ALLS,Raven Pullover Ramskull Hoodie,,515.0,
ME027P_ALLS,Rex Slim Jeans,,545.0,
ME029P_ALLS,"Rex Slim Jeans, Indigo",,545.0,
ME040T_ALLS,Rex Slim Fit Soft Stretch Denim Jeans,,545.0,
MD082J_ALLS,Tonic Crew Ramskull T-Shirts 3 Pack,,445.0,
MD103H_ALLS,Brace Short Sleeve Polo Shirt,,245.0,
MD108E_ALLS,Tonic Scoop T-Shirt,,180.0,
MD109E_ALLS,Tonic Crew Neck Slim Ramskull T-Shirt,,180.0,
MD015T_ALLS,Bodega Crew Neck Raw Edge T-Shirt,,205.0,
MK130D_ALLS,Mode Merino Zip Up Ramskull Hoodie,,495.0,
WL004N_ALLS,Dalby Leather Biker Jacket,,1685.0,
MS257U_ALLS,Hawthorne Ramskull Stretch Fit Shirt,,500.0,
WL096F_ALLS,Conroy Leather Biker Jacket,,2000.0,
MD130M_ALLS,Brace Brushed Cotton T-Shirts 3 Pack,,475.0,
MF047K_ALLS,Raven Zip Hoodie,,515.0,
MF048K_ALLS,Raven Crew Neck Ramskull Sweatshirt,,445.0,
MK021N_ALLS,Mode Merino Short Sleeve Polo Shirt,,425.0,
MK034P_ALLS,Ivar Merino Crew Neck Ramskull Jumper,,495.0,
ML058F_ALLS,Conroy Leather Biker Jacket,,2000.0,
MK005D_ALLS,Mode Merino Long Sleeve Polo Shirt,,425.0,
MD051H_ALLS,Reform Short Sleeve Polo Shirt,,335.0,
WM115P_ALLS,Emelyn V-Neck Tonic T-Shirt,,155.0,
MS254U_ALLS,Hawthorne Stretch Fit Shirt,,500.0,
MD106V_ALLS,Isac Crew T-Shirt,,300.0,
MJ006R_ALLS,Bassett Bomber Jacket,,1025.0,
MD105V_ALLS,Isac Oversized Crew Neck T-Shirt,,300.0,
ME067W_ALLS,Rex Slim Jeans,,595.0,
ME068W_ALLS,Rex Slim Jeans,,595.0,
MS253V_ALLS,Venice Revere Ramskull Shirt,,485.0,
WD055V_ALLS,Hadley Cowl Neck Midi Slip Dress,,645.0,
WL153W_ALLS,Dalby Gold Leather Biker Jacket,,1890.0,
WL154W_ALLS,Balfern Gold Leather Biker Jacket,,1600.0,
MG049W_ALLS,Underground Oversized Crew Sweatshirt,,535.0,
WG037Y_ALLS,Bryn Boyfriend Logo T-Shirt,,265.0,
MG386W_ALLS,Underground Oversized Crew Neck T-Shirt,,355.0,
MS209Y_ALLS,Underground Oversized Short Sleeve Shirt,,535.0,
MG294Y_ALLS,Tierra Oversized Crew Neck Logo T-Shirt,,300.0,
MG268Y_ALLS,Underground Logo Sleeveless Tank Top,,260.0,
WL061W_ALLS,Billie Oversized Leather Biker Jacket,,1980.0,
MG292Y_ALLS,Subverse Oversized Crew Logo T-Shirt,,300.0,
ME069W_ALLS,Rex Slim Fit Soft Stretch Denim Jeans,,595.0,
MG132Y_ALLS,Underground Oversized Pullover Hoodie,,700.0,
MG079Z_ALLS,Tierra Pullover Circle Logo Hoodie,,700.0,
WM640Z_ALLS,Anna V-Neck Short Sleeve T-Shirt,,245.0,
MG501Z_ALLS,Redact Oversized Embroidered Logo T-Shirt,,355.0,
MG512Z_ALLS,Biggy Oversized Logo Print T-Shirt,,320.0,
WD646Z_ALLS,Bryony Slim Fit V-Neck Midi Slip Dress,,645.0,
W023KA_ALLS,Cruz Ribbed Knitted Waistcoat,,515.0,
M047PA_ALLS,UNDERGROUND SS POLO,,430.0,
M010EA_ALLS,Lenny Loose Fit Wide Leg Denim Jeans,,620.0,
M022PA_ALLS,Orlando Logo Print Oversized T-Shirt,,355.0,
MP504W_ALLS,Sonic Rectangular Shaped Sunglasses,,685.0,
MALS500716651_ALLS,ALL SAINTS ZINNER ALS5007 166 CLASSIC TORT 51/18-145,,725.0,
WALS501100156_ALLS,ALL SAINTS KITTY ALS5011 001 SHINY BLACK 56/15-140,,685.0,
MALS500600153_ALLS,ALL SAINTS SONIC ALS5006 001 GLOSS SOLID BLACK 53/18-145,,685.0,
MP600W_ALLS,Zinner Retro Square Sunglasses,,725.0,
WY500W_ALLS,Minerva Cat Eye Sunglasses,,685.0,
M002PC_ALLS,Redact Oversized Embroidered Logo T-Shirt,,355.0,
M053FB_ALLS,Regan Low Top Trainers,,750.0,
M029NA_ALLS,Biggy Oversized Logo Print T-Shirt,,535.0,
M158SB_ALLS,Underground Logo Relaxed Fit Shirt,,550.0,
M023EB_ALLS,Sid Skinny Fit Denim Jeans,,600.0,
M071PB_ALLS,Underground Oversized Crew Neck T-Shirt,,355.0,
M024EB_ALLS,Iggy Slim Fit Denim Jeans,,600.0,
M025EB_ALLS,Reid Straight Fit Corduroy Jeans,,600.0,
M030JB_ALLS,Brace Brushed Cotton Crew Neck T-Shirt,,195.0,
W012LC_ALLS,Ryder Funnel Neck Leather Jacket,,1980.0,
M024JB_ALLS,Isac Oversized Crew Neck T-Shirt,,300.0,
W305XB_ALLS,Ezra Quilted Leather Crossbody Bag,,875.0,
M257XB_ALLS,Underground Logo Socks 2 Pack,,105.0,
M036NB_ALLS,Tierra Pullover Circle Logo Hoodie,,700.0,
M150SB_ALLS,Hawthorne Ramskull Stretch Fit Shirt,,510.0,
M024OA_ALLS,Underground Relaxed Fit Bomber Jacket,,1240.0,
W099LB_ALLS,Dalby Slim Fit Leather Biker Jacket,,1600.0,
M075PB_ALLS,Reform Short Sleeve Polo Shirt,,355.0,
M037NB_ALLS,Raven Crew Neck Ramskull Sweatshirt,,445.0,
M033NB_ALLS,Underground Relaxed Fit Crew Neck Sweatshirt,,535.0,
M025JB_ALLS,Figure Crew Neck Raw Edge T-Shirt,,260.0,
M088PB_ALLS,Biggy Oversized Logo Print T-Shirt,,355.0,
M002KZ_ALLS,Mode Merino Ramskull Jumper,,495.0,
M085KB_ALLS,Mode Merino Long Sleeve Polo Shirt,,560.0,
M031JB_ALLS,Brace Brushed Cotton T-Shirts 3 Pack,,485.0,
W225JC_ALLS,Anna Ramskull Short Sleeve T-Shirt,,195.0,
M083KB_ALLS,Mode Merino Ramskull Open Cardigan,,495.0,
M077OB_ALLS,Bassett Ramskull Bomber Jacket,,1025.0,
W301XB_ALLS,Half Moon Leather Crossbody Bag,,1035.0,
W235JB_ALLS,Rina Crew Neck Sleeveless Tank Top,,150.0,
W204JB_ALLS,Emelyn V-Neck Tonic T-Shirt,,150.0,
W062DB_ALLS,Chantelle Sequin Midi Slip Dress,,1050.0,
W237XA_ALLS,Izzy Logo Print Knitted Mini Tote Bag,,515.0,
M024TB_ALLS,Halla Relaxed Wide Leg Trousers,,600.0,
W072LB_ALLS,Orten Leather Bomber Jacket,,1790.0,
W006LB_ALLS,Daylen Oversized Leather Biker Jacket,,1980.0,
W020XZ_ALLS,Half Moon Leather Shoulder Bag,,1035.0,
W079RB_ALLS,Jen Tulle Maxi Skirt,,860.0,
M039KA_ALLS,Statten Ramskull Crew Neck Jumper,,495.0,
M032JB_ALLS,Brace Zip Up Ramskull Hoodie,,355.0,
M033JB_ALLS,Brace Brushed Cotton Long Sleeve T-Shirt,,260.0,
M034JB_ALLS,Brace Pullover Ramskull Hoodie,,375.0,
M074PB_ALLS,Subverse Oversized T-Shirt,,300.0,
M052JB_ALLS,Tonic Scoop Neck Slim Ramskull T-Shirt,,180.0,
W069TC_ALLS,Vin Embroidered Logo Wide Leg Sweatpants,,535.0,
M069LB_ALLS,Luck Leather Jacket,,1980.0,
M023FA_ALLS,Dune Slip On Logo Sliders,,465.0,
M056NB_ALLS,Orlando Logo Printed Crew Neck Sweatshirt,,590.0,
M013JB_ALLS,Nero Mock Neck Short Sleeve T-Shirt,,300.0,
M002TC_ALLS,Underground Relaxed Fit Sweat Shorts,,465.0,
M034NB_ALLS,Underground Pullover Logo Hoodie,,700.0,
W118XC_ALLS,HALF MOON KNOT SHLDR,,825.0,
W238JB_ALLS,Anna Crew Neck Short Sleeve T-Shirt,,195.0,
M029JB_ALLS,Tonic Crew Ramskull T-Shirts 3 Pack,,535.0,
W033DZ_ALLS,Hadley Slim Fit Midi Slip Dress,,645.0,
W008QZ_ALLS,Aleida Lightweight Tri Blazer,,920.0,
W009QZ_ALLS,Aleida Lightweight Tri Trousers,,645.0,
W179DC_ALLS,Miro Open Stitch 2-in-1 Maxi Dress,,1290.0,
W039TC_ALLS,Tysh Elasticated-Waist Shorts,,460.0,
W095DC_ALLS,Zia Leopard Print Dress,,890.0,
M029JC_ALLS,Haven Embroidered Logo Oversized T-Shirt,,355.0,
M005JD_ALLS,Dexter Short Sleeve T-shirt,,210.0,
M035PC_ALLS,Dealt Short Sleeve Crew Neck T-Shirt,,355.0,
M034KC_ALLS,Loire Short Sleeve Open Knit Cardigan,,615.0,
M008JB_ALLS,Edwards Textured Vest,,235.0,
M041PC_ALLS,Distortion Short Sleeve T-Shirt,,355.0,
W144PC_ALLS,Flora V-Neck Embroidered Top,,740.0,
W233DC_ALLS,Kathy Print Mesh Maxi Dress,,790.0,
M026JB_ALLS,Bodega Crew Neck T-Shirt,,210.0,
W052KC_ALLS,Harper Pirate Open Front Cardigan,,860.0,
M066PC_ALLS,Orlando Logo Print Oversized T-Shirt,,355.0,
W061EC_ALLS,Brooklyn Straight Leg Indigo Jeans,,665.0,
W059OC_ALLS,Chlo Studded Denim Jacket,,1025.0,
W046KC_ALLS,Kaito Jacquard Tank Top,,615.0,
M030KC_ALLS,Thoma Long Sleeve Knitted Polo Shirt,,665.0,
W031JD_ALLS,Jess Relaxed Volumous T-Shirt,,510.0,
W006DC_ALLS,Celia Halterneck Floral Maxi Dress,,715.0,
W211JB_ALLS,Rina Crew Neck Sleeveless Tank Top,,150.0,
W138LB_ALLS,College Relaxed Fit Leather Biker Jacket,,3750.0,
W101JC_ALLS,Giana Crochet Crew Neck Tank Top,,355.0,
M038KC_ALLS,Serge Leopard Jacquard Vest,,765.0,
W207JC_ALLS,Thea Sparkle Top,,355.0,
M005TD_ALLS,Depot Oversized Trousers,,820.0,
W098PC_ALLS,Charli Relaxed Fit Embroidered Shirt,,820.0,
W080TC_ALLS,Charli Embroidered Straight Fit Trousers,,820.0,
M064PC_ALLS,Distortion Short Sleeve Logo T-Shirt,,355.0,
M159SC_ALLS,Oscani Short Sleeve Printed Shirt,,645.0,
W083JD_ALLS,Amelie Heaps Oversized T-shirt,,330.0,
W035JD_ALLS,Poster Graphic Boyfriend T-Shirt,,330.0,
M050PC_ALLS,Pounce Graphic Short Sleeve T-Shirt,,355.0,
M072PB_ALLS,Tierra Oversized Crew Neck Logo T-Shirt,,300.0,
W166DC_ALLS,Rivi Draped Sleeveless Midi Dress,,615.0,
W034TC_ALLS,Giana Crochet Ladder Wide Leg Trousers,,510.0,
W039RC_ALLS,Pamela High-Rise Mini Skirt,,615.0,
W063PC_ALLS,Pamela Flared Long Sleeve Top,,820.0,
M012WA_ALLS,Underground Swim Shorts,,355.0,
W013DD_ALLS,Tira Satin Mini Dress,,755.0,
W045KD_ALLS,Bern Studded Wool Tank,,615.0,
W001TD_ALLS,Val Linen Blend Cargo Trousers,,755.0,
W033JD_ALLS,Lisa Trip Graphic Boxy T-Shirt,,330.0,
W038JD_ALLS,Anna Crew Neck Short Sleeve T-Shirt,,300.0,
M011EA_ALLS,Lenny Loose Fit Wide Leg Denim Jeans,,620.0,
W072FB_ALLS,Thelma Metallic Leather Low Top Trainers,,805.0,
W016PD_ALLS,Evanna Tie Detail High Neck Shirt,,755.0,
W149DD_ALLS,Faye Flocked Oversized Dress,,1080.0,
W024PD_ALLS,Leslie Satin Short Sleeve Top,,535.0,
M136XD_ALLS,Future Cotton Tote Bag,,190.0,
M057SD_ALLS,Fungi Embroidered Short Sleeve Shirt,,650.0,
M016JD_ALLS,Waved Short Sleeve T-Shirt,,355.0,
M010PD_ALLS,Trip Short Sleeve T-Shirt,,355.0,
M022PD_ALLS,Trance Short Sleeve Graphic T-Shirt,,355.0,
M022TD_ALLS,Beckley Slim Fit Chinos,,615.0,
M002SD_ALLS,Armada Floral Linen Shirt,,650.0,
M003ED_ALLS,Mullen Carpenter Wide Fit Denim Jeans,,620.0,
M018PD_ALLS,Violation Short Sleeve Graphic T-Shirt,,355.0,
M051SD_ALLS,Haven Check Long Sleeve Shirt,,600.0,
M001OD_ALLS,Future Bomber Jacket,,1240.0,
M039SD_ALLS,Rialto Oversized Short Sleeve Shirt,,500.0,
W154DD_ALLS,Faye Sparkle Denim Mini Dress,,1080.0,
W297XD_ALLS,Izzy Heart Large Knitted Tote Bag,,645.0,
W048KD_ALLS,Elias Knitted Gilet,,1080.0,
M030SD_ALLS,Castor Long Sleeve Check Shirt,,700.0,
M021FC_ALLS,Bloom Leather Loafers,,915.0,
W021DD_ALLS,Fresca Floral Print Dress,,1295.0,
W032JD_ALLS,Trip Piper Graphic Sweatshirt,,700.0,
W005TD_ALLS,Sol Tapered Denim Cargo Jeans,,820.0,
W021ED_ALLS,Taylor Frayed Barrel Leg Jeans,,765.0,
W007LD_ALLS,Masone Leather Biker Jacket,,1990.0,
W076JD_ALLS,Wings Graphic Oversized T-Shirt,,330.0,
M038SD_ALLS,Robson Short Sleeve Ramskull Shirt,,400.0,
M011ND_ALLS,Waved Relaxed Fit Sweatshirt,,535.0,
M021PD_ALLS,Screwed Short Sleeve Crew T-Shirt,,355.0,
M018SD_ALLS,Albyn Long Sleeve Cotton Shirt,,650.0,
M020PD_ALLS,Reincarnate Short Sleeve Crew Neck T-Shirt,,355.0,
M020SD_ALLS,Perry Short Sleeve Striped Shirt,,650.0,
W078ED_ALLS,Brooklyn Straight Leg Jeans,,755.0,
W001RD_ALLS,Nia Draped Midi Skirt,,970.0,
W020DD_ALLS,Diana Floral Wrap Dress,,1400.0,
W006RD_ALLS,Arleen Printed Maxi Skirt,,860.0,
W100DD_ALLS,Lizzie Long Sleeve Frill Dress,,970.0,
M038KA_ALLS,Statten Long Sleeve Polo Jumper,,590.0,
W082DB_ALLS,Spark 2-In-1 Pleated Maxi Dress,,1510.0,
M029OD_ALLS,Castleford Overshirt,,915.0,
M008TD_ALLS,Dustan Corduroy Workwear Trousers,,805.0,
M030OD_ALLS,Rothwell Denim Jacket,,1025.0,
M005PD_ALLS,Drip Short Sleeve Oversized T-Shirt,,355.0,
W013TD_ALLS,Charli Linen Blend Trousers,,860.0,
W139JD_ALLS,Saint Amelie Oversized T-Shirt,,320.0,
W015TD_ALLS,Leanne Straight Leg Trousers,,645.0,
W024TD_ALLS,Zanda Baggy Fit Joggers,,645.0,
W010ED_ALLS,Carter Barrel Denim Jeans,,860.0,
M007KD_ALLS,Jakob Long Sleeve Polo,,860.0,
W034DD_ALLS,TAWNY PORT RED,,1185.0,
W018JD_ALLS,Zanda Relaxed Fit T-Shirt,,300.0,
M024ND_ALLS,Trip Crew Neck Sweatshirt,,590.0,
W064DD_ALLS,Sinead 2-in-1 Pleated Dress,,1400.0,
W016RD_ALLS,Tulip White Cotton Mini Skirt,,645.0,
M093XD_ALLS,Finn Leather Backpack,,1300.0,
W192XD_ALLS,Luna Slouchy Leather Crossbody Bag,,860.0,
W061JD_ALLS,Drip Embellished Boyfriend T-Shirt,,650.0,
W012PD_ALLS,Bernie Silk Blend Shirt,,860.0,
M050SD_ALLS,Yuki Ramskull Check Shirt,,590.0,
M027SD_ALLS,Walton Short Sleeve Crepe Shirt,,650.0,
W020PD_ALLS,Melani Round Neck Gathered Top,,700.0,
W391XD_ALLS,Izzy Leather Tote Bag,,1350.0,
W006JD_ALLS,Sonny Long Sleeve T-Shirt,,300.0,
W051RB_ALLS,Alexia Gathered Maxi Skirt,,700.0,
M090SC_ALLS,Bodhi Long Sleeve Overshirt,,650.0,
W047PD_ALLS,Lottie Linen Blend Top,,535.0,
W011PD_ALLS,Herela Silk Blend Shirt,,755.0,
M002ND_ALLS,Future Relaxed Fit Hoodie,,750.0,
W019PD_ALLS,Leanne Satin Relaxed Top,,535.0,
W080JD_ALLS,Drip Separo Embellished Sweatshirt,,805.0,
W031RD_ALLS,Arlea Tulle Maxi Skirt,,1080.0,
M016KD_ALLS,Jakob Wool Tank Top,,805.0,
W033OD_ALLS,Beth Denim Trucker Jacket,,1025.0,
W017PD_ALLS,Arlea Tulle Lace Top,,645.0,
W014RD_ALLS,Sami Pleated Draped Skirt,,535.0,
M002PD_ALLS,Chingford Short Sleeve T-Shirt,,355.0,
W097DD_ALLS,Lana Lace Mini Dress,,645.0,
W073DD_ALLS,Gia Slim Fit Maxi Dress,,645.0,
W007RD_ALLS,Elara Satin Mini Skirt,,750.0,
M004SD_ALLS,Leopardone Linen Blend Shirt,,650.0,
W024OD_ALLS,Verity Relaxed Fit Bomber Jacket,,1400.0,
W040LD_ALLS,Clay Funnel Neck Leather Gilet,,1895.0,
W100KD_ALLS,Saints Wool Blend Jumper,,900.0,
W031OD_ALLS,Luca Cropped Denim Jacket,,850.0,
W015KD_ALLS,Clem Striped Knitted T-Shirt,,750.0,
W007QD_ALLS,Essen WIde Leg Trousers,,950.0,
M038JB_ALLS,Nero Long Sleeve T-Shirt,,355.0,
W006QD_ALLS,Essen Single Breasted Blazer,,1300.0,
W039KD_ALLS,Sylvie Slim Fit Cardigan,,1000.0,
M029TC_ALLS,Decoy Straight Leg Cargo Trousers,,750.0,
M020KD_ALLS,Curv Oversized Jumper,,750.0,
W028ED_ALLS,Mathilde Relaxed Bootcut Jeans,,700.0,
W222DD_ALLS,Bryony Maxi Slip Dress,,700.0,
M014LC_ALLS,Myla Ramskull Leather Bomber Jacket,,1900.0,
W398XB_ALLS,Hex Leather Cardholder,,235.0,
W061RC_ALLS,Eva Tiered Maxi Skirt,820.0,570.0,30%
M027JC_ALLS,HARDING SS CREW,300.0,150.0,50%
W018TC_ALLS,Alba Satin Wide Leg Trousers,665.0,465.0,30%
M029PC_ALLS,Lover Embroidered Oversized T-Shirt,355.0,210.0,41%
M052SC_ALLS,CUDI SS SHIRT,550.0,385.0,30%
W059RC_ALLS,Lizi Tiered Lace Maxi Skirt,990.0,690.0,30%
W262DC_ALLS,Cavarly Ruffled Mini Dress,890.0,620.0,30%
M009JC_ALLS,Slater Crew Neck T-Shirt,320.0,220.0,31%
M085SC_ALLS,Valmer Relaxed Fit Ramskull Shirt,590.0,410.0,31%
W190DC_ALLS,Sienna Ruffled Maxi Dress,1535.0,765.0,50%
W067KC_ALLS,Florence Crochet Waistcoat,670.0,465.0,31%
M041TC_ALLS,Soleil Straight-Leg Sweatpants,560.0,390.0,30%
W275DC_ALLS,Cavarly Ruffled Mini Dress,890.0,620.0,30%
W188DC_ALLS,Zenia Sleeveless Asymmetric Midi Dress,990.0,690.0,30%
W222JC_ALLS,Etta Soleil Oversized Sweatshirt,560.0,390.0,30%
M152SC_ALLS,Sidewinder Short Sleeve Hawaiian Shirt,645.0,450.0,30%
M063PC_ALLS,Wavy Oversized Crew Neck T-Shirt,355.0,245.0,31%
W088KC_ALLS,Kaito Open Knit Cardigan,820.0,570.0,30%
M011TC_ALLS,Talbot Straight Leg Trousers,665.0,465.0,30%
W103DC_ALLS,Melia Leopard Print Maxi Dress,890.0,620.0,30%
M085PC_ALLS,STYX UNDERGROUND SS,355.0,245.0,31%
W007DD_ALLS,Faye Oversized Shacket Dress,890.0,620.0,30%
W213DC_ALLS,Xanthe Lace-Trimmed Mini Dress,990.0,690.0,30%
M157SC_ALLS,Haven Short Sleeve Shirt,590.0,410.0,31%
W224JC_ALLS,Amelie Crochet Oversized Boxy T-Shirt,430.0,300.0,30%
W293DC_ALLS,Zora Ruffled Woven Mini Dress,1025.0,615.0,40%
M028SD_ALLS,Netley Short Sleeve Lace Shirt,700.0,490.0,30%
W029TD_ALLS,Kaye Relaxed Fit Tencel Trousers,820.0,570.0,30%
W041RC_ALLS,Talia Tiered Maxi Skirt,820.0,570.0,30%
W118DC_ALLS,Faelyn Silk Maxi Dress,1435.0,1000.0,30%
WM212Q_ALLS,Emelyn Tonic Tank,140.0,95.0,32%
WT070M_ALLS,Aleida Blazer,700.0,280.0,60%
ML035R_ALLS,Harwood Leather Biker Jacket,1835.0,1280.0,30%
ME020P_ALLS,"Cigarette Skinny Jeans, Black",540.0,300.0,44%
ME039T_ALLS,Cigarette Skinny Fit Stretch Denim Jeans,540.0,300.0,44%
MS256U_ALLS,Hawthorne Stretch Fit Shirt,435.0,215.0,51%
MS258U_ALLS,Spotter Shirt,535.0,370.0,31%
MD020R_ALLS,Muse Short Sleeve Crew T-Shirt,245.0,120.0,51%
MD021R_ALLS,Muse Long Sleeve Crew T-Shirt,285.0,140.0,51%
MD035Q_ALLS,Musica Crew T-shirt,230.0,115.0,50%
MD170H_ALLS,Reform Long Sleeve Ramskull Polo Shirt,375.0,260.0,31%
MD198S_ALLS,Figure Crew 2 Pack T-Shirts,445.0,310.0,30%
MF058K_ALLS,Raven Cuffed Slim Sweatpants,475.0,235.0,51%
ME019P_ALLS,Cigarette Skinny Jeans,595.0,300.0,50%
ME022P_ALLS,Cigarette Skinny Jeans,595.0,300.0,50%
MM034M_ALLS,Kato Cropped Slim Trousers,545.0,250.0,54%
WL166P_ALLS,Cora Leather-Look High-Rise Leggings,755.0,350.0,54%
WM020N_ALLS,Rita T-Shirt,265.0,130.0,51%
MT001L_ALLS,Park Chino,485.0,220.0,55%
WT016P_ALLS,Aleida Blazer,700.0,280.0,60%
MS001J_ALLS,Huntingdon Long Sleeve Shirt,449.0,175.0,61%
WL047C_ALLS,Cargo Distressed Leather Biker Jacket,1700.0,990.0,42%
WM275S_ALLS,Anna Crew Neck Short Sleeve T-Shirt,195.0,135.0,31%
WP020H_ALLS,Bri High-Rise Leggings,195.0,90.0,54%
WPH002_ALLS,Raffi Leggings,225.0,110.0,51%
ME032R_ALLS,"Cigarette Damaged Skinny Jeans, Black",540.0,215.0,60%
WT001J_ALLS,Aleida Blazer,700.0,350.0,50%
WT018P_ALLS,Aleida Tapered Low-Rise Trousers,475.0,190.0,60%
WM163F_ALLS,Dahlia Sweatshirt,495.0,250.0,49%
WT071M_ALLS,Aleida Trousers,475.0,235.0,51%
WM219M_ALLS,Imogen Boy T-Shirt,195.0,95.0,51%
WK025L_ALLS,Drina Ribbed Cardigan,700.0,350.0,50%
ME041T_ALLS,Cigarette Damaged Skinny Jeans,540.0,215.0,60%
WT109V_ALLS,Aleida Jersey Blazer,650.0,325.0,50%
WT111V_ALLS,Aleida Jersey Trousers,475.0,235.0,51%
MS021U_ALLS,Lovell Slim Fit Ramskull Shirt,535.0,265.0,50%
MD457U_ALLS,Brace Crew T-Shirt,190.0,95.0,50%
ME007V_ALLS,"Cigarette Skinny Jeans, Washed Black",540.0,300.0,44%
ML007P_ALLS,Wick Leather Biker Jacket,1745.0,1220.0,30%
MF075R_ALLS,Raven Half Zip Funnel Sweatshirt,515.0,255.0,50%
MT010V_ALLS,Park Skinny Chinos,485.0,240.0,51%
MM062V_ALLS,Tallis Cropped Slim Trousers,650.0,325.0,50%
WE623V_ALLS,Miller Mid-Rise Size Me Skinny Jeans,535.0,265.0,50%
MM063V_ALLS,Tallis Cropped Slim Trousers,650.0,325.0,50%
MR008U_ALLS,Gleason Denim Shirt,535.0,265.0,50%
WL097V_ALLS,Cora Shine Leather-Look Leggings,755.0,300.0,60%
WE408U_ALLS,Miller Mid-Rise Size Me Skinny Jeans,535.0,265.0,50%
MD293V_ALLS,Wren Boxers 3 Pack,215.0,150.0,30%
MD330V_ALLS,Wren Boxers 3 Pack,205.0,140.0,32%
MD329V_ALLS,Wren Boxers 3 Pack,215.0,150.0,30%
WM248W_ALLS,Grace T-Shirt,190.0,95.0,50%
WN013W_ALLS,Eva Oniyuri Bikini Top,285.0,140.0,51%
MJ013Y_ALLS,Otis Earrings,110.0,55.0,50%
WS059W_ALLS,Eva Elasticated Waist Tiered Maxi Skirt,755.0,375.0,50%
MS104W_ALLS,Hermosa Ramskull Relaxed Shirt,535.0,265.0,50%
MS105W_ALLS,Hermosa Ramskull Relaxed Shirt,535.0,265.0,50%
ME063W_ALLS,Cigarette Skinny Fit Stretch Denim Jeans,595.0,300.0,50%
WF701X_ALLS,Orlana Leather Boots,1240.0,495.0,60%
WM090X_ALLS,Hadley Top,430.0,215.0,50%
ME016U_ALLS,Ronnie Extra Skinny Jeans,595.0,415.0,30%
WB027Z_ALLS,Half Moon Leather Crossbody Bag,825.0,410.0,50%
MB2568_ALLS,Falcon Pouch Bag,590.0,295.0,50%
WF516Y_ALLS,Saki Metallic Leather Crossover Sandals,755.0,300.0,60%
WF514Y_ALLS,Saki Crossover Leather Sandals,755.0,300.0,60%
MM028Y_ALLS,Walde Skinny Chino Trousers,535.0,265.0,50%
MZ692Y_ALLS,Vix Leather Low Top Trainers,690.0,275.0,60%
MS129Y_ALLS,Cudi Linen Blend Shirt,535.0,265.0,50%
ME065W_ALLS,Cigarette Skinny Fit Stretch Denim Jeans,535.0,300.0,44%
WE078Y_ALLS,Libby High-Rise Denim Shorts,430.0,170.0,60%
WE047Y_ALLS,Hailey High-Rise Wide Leg Jeans,700.0,280.0,60%
WF592Y_ALLS,Ava Leather Heeled Sandals,970.0,385.0,60%
WT026Y_ALLS,Deri Lyn Linen Blend Trousers,860.0,340.0,60%
MM070Y_ALLS,Tallis Slim Fit Cropped Tapered Trousers,650.0,325.0,50%
WF574Y_ALLS,Lore Leather Gladiator Sandals,915.0,365.0,60%
WT025Y_ALLS,Deri Lyn Linen Blend Waistcoat,700.0,280.0,60%
WF594Y_ALLS,Ava Leather Heeled Sandals,970.0,385.0,60%
WF584Y_ALLS,Noir Metallic Leather High Heel Sandals,970.0,385.0,60%
WM215Y_ALLS,Anna Crew Neck Short Sleeve T-Shirt,195.0,75.0,62%
MD098V_ALLS,Lobke Colour Block Ramskull Crew T-Shirt,215.0,85.0,60%
MR016W_ALLS,Gleason Press Stud Ramskull Denim Shirt,535.0,265.0,50%
MS050P_ALLS,Spotter Long Sleeve Military Overshirt,535.0,265.0,50%
WF501Z_ALLS,Venus Shearling Slip On Mules,1080.0,430.0,60%
WF568Z_ALLS,Betty Square Toe Leather Heeled Sandals,1080.0,540.0,50%
WF706Y_ALLS,Vix Leather Low Top Trainers,690.0,345.0,50%
WF569Z_ALLS,Robin Shiny Leather Heeled Court Shoes,1080.0,430.0,60%
WL181X_ALLS,Cora High-Rise Skinny Fit Faux Leggings,755.0,350.0,54%
WF584Z_ALLS,Robin Pointed Leather Heeled Court Shoes,1080.0,430.0,60%
ME001Z_ALLS,Ronnie Extra Skinny Stretch Denim Jeans,545.0,325.0,40%
WK087Z_ALLS,A Star Roll Neck Jacquard Jumper,915.0,640.0,30%
WD200X_ALLS,Patrice 2-In-1 Midi Dress,1025.0,410.0,60%
WF596Z_ALLS,Ria Sparkle Leather Boots,1515.0,605.0,60%
MG110Z_ALLS,Halo Oversized Logo Crew Neck T-Shirt,355.0,175.0,51%
W005PZ_ALLS,POPPY COSMIC TOP,755.0,300.0,60%
MF588Z_ALLS,VAUGHAN BOOT,1080.0,540.0,50%
WD269Z_ALLS,JULIETTE DRESS,915.0,365.0,60%
ME064W_ALLS,Cigarette Skinny Fit Stretch Denim Jeans,595.0,300.0,50%
W063EA_ALLS,Miller Size Me Stretch Denim Jeans,535.0,265.0,50%
WD511Z_ALLS,Natalie Slim Fit Gathered Midi Dress,700.0,350.0,50%
WF715Z_ALLS,Thelma Leather Low Top Trainers,775.0,385.0,50%
MG526Z_ALLS,Dragon Skull Printed Crew Neck T-Shirt,355.0,175.0,51%
WF520Y_ALLS,Sian Leather Buckle Sandals,775.0,385.0,50%
WD560Z_ALLS,Tian Sanibel Jacquard Mini Dress,860.0,430.0,50%
WK539Z_ALLS,Marti Crochet Sleeveless Tank Top,755.0,375.0,50%
MT500Z_ALLS,Troy Slim Fit Ramskull Shorts,430.0,215.0,50%
W036FA_ALLS,UNDERGROUND SLIDER,360.0,180.0,50%
MG048Z_ALLS,Subverse Logo Oversized T-Shirt,300.0,150.0,50%
W026JA_ALLS,GIANA TANK,360.0,215.0,40%
M013WA_ALLS,Lani Swim Shorts 2 Pack,535.0,265.0,50%
W012XC_ALLS,ACCESSALLAREAS TOTE,200.0,100.0,50%
W028RB_ALLS,ROSIE SKIRT,930.0,465.0,50%
MF081Y_ALLS,Hanbury Linen Blend Straight Fit Shorts,515.0,255.0,50%
W059TA_ALLS,MILLY TROUSER,860.0,430.0,50%
W074JA_ALLS,Ewelina Crochet Trim Cropped Tank Top,320.0,160.0,50%
W160DA_ALLS,Kayu Floral Batu Maxi Dress,970.0,485.0,50%
M003TA_ALLS,HAYDON SWEATSHORT,465.0,230.0,51%
M014QA_ALLS,Mars Lightweight Straight Leg Trousers,765.0,380.0,50%
W001TA_ALLS,Ewelina Crochet Trim Shorts,320.0,160.0,50%
W006TA_ALLS,Daria Floral Print Relaxed Fit Playsuit,1025.0,510.0,50%
W017QA_ALLS,Whitney Linen Blend Straight Leg Trousers,915.0,455.0,50%
W021DA_ALLS,Karma Crochet Slim Fit Maxi Dress,970.0,485.0,50%
W031KA_ALLS,MILLY TOP,860.0,430.0,50%
W035QA_ALLS,Whitney Linen Blend V-Neck Waistcoat,700.0,350.0,50%
W036EA_ALLS,Astrid Frayed Denim Shorts,460.0,190.0,59%
MD255Y_ALLS,Munroe Open Stitch Mesh Relaxed Shirt,445.0,220.0,51%
M010QA_ALLS,Tansey Straight Leg Garment Washed Trousers,820.0,410.0,50%
WT046Y_ALLS,Aleida Rafaela Paisley Print Blazer,1455.0,725.0,50%
WT027Y_ALLS,Deri Lyn Linen Blend Shorts,700.0,350.0,50%
W052DA_ALLS,Meagan Batu Wrap Over Mini Dress,860.0,430.0,50%
M013TA_ALLS,Ora Tallis Linen Blend Slim Fit Shorts,665.0,330.0,50%
W081DA_ALLS,Aviana Sleeveless Broderie Maxi Dress,1025.0,510.0,50%
W171DA_ALLS,Areena Embroidered Adjustable Maxi Dress,860.0,430.0,50%
W016QA_ALLS,Whitney Linen Blend Suit,1455.0,725.0,50%
WP066Y_ALLS,Aleida Rafaela Paisley Print Shorts,645.0,320.0,50%
WT521Z_ALLS,Deri Lyn Linen Blend Blazer,1295.0,645.0,50%
W083DA_ALLS,Dahlia Embroidered Broderie Maxi Dress,1025.0,510.0,50%
W125DA_ALLS,Hayes 2-In-1 Maxi Dress,1025.0,510.0,50%
MT012Y_ALLS,Neiva Slim Stretch Shorts,410.0,205.0,50%
W157JA_ALLS,Cassie Crew Neck Sleeveless T-Shirt,285.0,140.0,51%
W187DA_ALLS,Bryony Luisa Print Midi Slip Dress,535.0,265.0,50%
W077DA_ALLS,Kai Mesh Crystal Embellished Maxi Dress,970.0,485.0,50%
M008TA_ALLS,Jovi Mid-Rise Straight Fit Trousers,645.0,320.0,50%
W082PA_ALLS,Isla Luisa Printed Relaxed Fit Shirt,765.0,380.0,50%
W189DA_ALLS,Laura Silk Blend One Shoulder Maxi Dress,1025.0,510.0,50%
W029RA_ALLS,Ivy Embellished Mini Skirt,990.0,495.0,50%
WL191Z_ALLS,Cargo Distressed Leather Biker Jacket,1700.0,990.0,42%
M027TA_ALLS,Hunt Long Relaxed Fit Shorts,515.0,255.0,50%
M056FB_ALLS,Underground Canvas High Top Trainers,465.0,230.0,51%
W107FB_ALLS,SIAN SHERPA SANDAL,715.0,355.0,50%
W235DB_ALLS,TERESA KHAKI GREEN,755.0,375.0,50%
W009DB_ALLS,Edana Leopard Print Mesh Midi Dress,725.0,360.0,50%
W231DB_ALLS,Tia Mesh Printed Midi Dress,725.0,360.0,50%
W208DB_ALLS,Bryony V-Neck Midi Slip Dress,535.0,265.0,50%
W017EB_ALLS,Blake And Piper Denim,870.0,435.0,50%
W073FB_ALLS,Vix Low Top Round Toe Leather Trainers,775.0,385.0,50%
M002TZ_ALLS,Tallis Slim Fit Cropped Tapered Trousers,650.0,325.0,50%
W112PB_ALLS,Piper Studded Denim Jacket,820.0,410.0,50%
M156SB_ALLS,Venice Revere Collar Ramskull Shirt,645.0,320.0,50%
W017TB_ALLS,Florence Cargo Jogger Trousers,725.0,360.0,50%
M031TA_ALLS,Raven Cuffed Slim Fit Ramskull Sweatpants,495.0,245.0,51%
W048TB_ALLS,Frieda Lightweight Cargo Trousers,725.0,360.0,50%
W062TB_ALLS,Tyler High Rise Abstract Print Trousers,820.0,410.0,50%
W030RC_ALLS,Gia Ribbed Asymmetric Midi Skirt,380.0,190.0,50%
W014RB_ALLS,Morgan Satin Skirt,715.0,355.0,50%
W029EB_ALLS,Hailey Mae Denim Jeans,685.0,340.0,50%
M001FB_ALLS,JAIMEE LTHR LOW TOP,670.0,335.0,50%
W033DB_ALLS,Jessica Floral Print Ruffle Maxi Dress,1025.0,510.0,50%
W095DB_ALLS,Xylia Gathered Maxi Dress,725.0,360.0,50%
W002EB_ALLS,Archie Wide Leg Denim Cargo Jeans,820.0,410.0,50%
W058OB_ALLS,Orla Wool Cashmere Blend Jacket,1500.0,750.0,50%
W019DB_ALLS,Cynthia Floral Cut Out Maxi Dress,825.0,410.0,50%
M004TA_ALLS,Chester Wide Leg Sweatpants,645.0,320.0,50%
W009QB_ALLS,Averie Pinstriped Wide Leg Trousers,870.0,435.0,50%
W032TB_ALLS,Peaches Slim Fit Trousers,765.0,380.0,50%
M022KA_ALLS,Mode Merino V-Neck Ramskull Jumper,490.0,245.0,50%
W038DB_ALLS,Aubrey Sheer Frill Mini Dress,1025.0,510.0,50%
W006TB_ALLS,Charli Silk Blend Wide Leg Floral Trousers,820.0,410.0,50%
W011RB_ALLS,Polly Asymmetric Hem Skirt,715.0,355.0,50%
M074SB_ALLS,Cudi Long Sleeve Linen Blend Shirt,645.0,320.0,50%
W011TB_ALLS,Barbara Adjustable Cuffed Cargo Trousers,725.0,360.0,50%
W004EB_ALLS,Echo Cargo Wide Leg Denim Jeans,825.0,410.0,50%
W022DB_ALLS,Amei Cowl Neck Draped Mini Dress,825.0,410.0,50%
M039TA_ALLS,Lewes Slim Fit Cargo Trousers,645.0,320.0,50%
W023EB_ALLS,Haldan Slim Bootcut Stretch Denim Jeans,620.0,310.0,50%
M004TB_ALLS,Patton Wide Leg Cargo Sweatpants,615.0,305.0,50%
M035NB_ALLS,Tierra Oversized Circle Logo Sweatshirt,535.0,265.0,50%
W102DB_ALLS,Seraph Open Stitch Mini Dress,970.0,485.0,50%
W106DB_ALLS,Connie Slim Fit Textured Midi Dress,645.0,320.0,50%
M011KB_ALLS,Fayde Crew Neck Logo Jumper,755.0,375.0,50%
W191DA_ALLS,Daisy One Shoulder Cut Out Maxi Dress,825.0,410.0,50%
W056RB_ALLS,Nora Floral Mesh Midi Skirt,485.0,240.0,51%
W217DB_ALLS,Eris One Shoulder Mesh Floral Midi Dress,725.0,360.0,50%
W226DB_ALLS,Bryony V-Neck Maxi Slip Dress,560.0,280.0,50%
M003JB_ALLS,SEARS LS CREW,335.0,165.0,51%
M154SB_ALLS,Spotter Long Sleeve Military Overshirt,550.0,275.0,50%
W067TA_ALLS,Frieda Coated Denim Cargo Trousers,755.0,375.0,50%
M014TB_ALLS,Taint Slim Leg Stretch Sweatpants,645.0,320.0,50%
W189JB_ALLS,Kalma Leopard Print Sleeveless Top,340.0,170.0,50%
W125FB_ALLS,Vix Low Top Round Toe Suede Trainers,775.0,385.0,50%
W002OA_ALLS,Milla Relaxed Fit Printed Parka Jacket,1535.0,765.0,50%
W007DB_ALLS,Umbra Draped Zip Slim Fit Top,1025.0,510.0,50%
M152SB_ALLS,Lovell Long Sleeve Ramskull Shirt,535.0,265.0,50%
M005OZ_ALLS,Hal Single Breasted Wool Blend Coat,1500.0,750.0,50%
M007OZ_ALLS,Beatty Ramskull Jacket,940.0,470.0,50%
W239DB_ALLS,Bryony V-Neck Maxi Slip Dress,560.0,280.0,50%
M021KB_ALLS,Peace Jacquard Oversized Jumper,860.0,430.0,50%
M142SB_ALLS,Hudsony Relaxed Fit Printed Shirt,645.0,320.0,50%
W023RB_ALLS,Noir Crossover Waist Denim Maxi Skirt,715.0,355.0,50%
M004PB_ALLS,Foster Oversized Polo Shirt,445.0,220.0,51%
W009OZ_ALLS,Riley Wrap Around Belted Long Line Coat,1800.0,900.0,50%
W209DB_ALLS,SYBIL DRESS,1025.0,510.0,50%
M011SB_ALLS,Oscillation Leopard Print Shirt,645.0,385.0,40%
W087DB_ALLS,Jax 2-In-1 Pleated Maxi Dress,1330.0,665.0,50%
W218JC_ALLS,STEVIE RAMSKULL TEE,215.0,105.0,51%
W019JB_ALLS,Rina Long Sleeve Scoop Neck T-Shirt,265.0,130.0,51%
W186DB_ALLS,Jinx 2-In-1 Printed Pleated Maxi Dress,1330.0,665.0,50%
M077PB_ALLS,Reform Long Sleeve Ramskull Polo Shirt,375.0,185.0,51%
M001TB_ALLS,Haven Relaxed Fit Embroidered Sweatpants,645.0,320.0,50%
M003NB_ALLS,Haven Embroidered Logo Oversized Sweatshirt,535.0,265.0,50%
W096PB_ALLS,Edana Lace Long Sleeve Slim Fit Top,360.0,180.0,50%
M093KB_ALLS,Luka Recycled Distressed Crew Neck Jumper,645.0,320.0,50%
W033PB_ALLS,Charli Silk Blend Contrast Stitch Shirt,755.0,375.0,50%
W093DB_ALLS,Edana Lace Bodycon Maxi Dress,825.0,410.0,50%
M038OB_ALLS,Hargrove Slim Fit Wool Blend Coat,1800.0,900.0,50%
W207DB_ALLS,Celilia 2-In-1 Pleated Tie Dye Midi Dress,1330.0,665.0,50%
M011OZ_ALLS,Novern 2-In-1 Reversible Puffer Jacket,1485.0,740.0,50%
W026TB_ALLS,Tyler Wide Leg Lace Trim Trousers,820.0,410.0,50%
W112KB_ALLS,Rebel Brushed Cashmere Tank Top,1400.0,700.0,50%
W117PB_ALLS,Anders Embellished Sleeve Denim Shacket,1025.0,510.0,50%
W214JB_ALLS,Shane Chain Mail Top,700.0,350.0,50%
M001TZ_ALLS,Walde Skinny Fit Chino Trousers,535.0,320.0,40%
M065KB_ALLS,Scripture Gothic Jacquard Logo Cardigan,755.0,375.0,50%
M078FB_ALLS,UNDGRND SUDE LOW TOP,670.0,335.0,50%
M085OB_ALLS,Reversible Basset Ramskull Bomber Jacket,870.0,435.0,50%
W044RB_ALLS,Jose Tiered Lace Midi Skirt,820.0,410.0,50%
W014QB_ALLS,Shores Relaxed Fit Blazer,1250.0,625.0,50%
W045EB_ALLS,DAX JEAN,685.0,340.0,50%
W082LB_ALLS,Billie Leather Conical Studded Jacket,2490.0,1740.0,30%
W083PB_ALLS,Moira Pointed Collar Shirt,645.0,320.0,50%
W048RB_ALLS,Madi Slim Fit Maxi Skirt,715.0,425.0,41%
W159DB_ALLS,Mina Slim Fit Printed Maxi Dress,790.0,395.0,50%
W153FB_ALLS,Bazley Pointed Toe Leather Boots,1175.0,585.0,50%
W052EB_ALLS,Miller Push Up Skinny Fit Denim Jeans,620.0,310.0,50%
W064OB_ALLS,Nickol Asymmetric Cropped Puffer Jacket,1800.0,900.0,50%
W064TB_ALLS,Kaye Straight Fit Drawcord Trousers,755.0,375.0,50%
W075RB_ALLS,ERIS LEPPO SKIRT,510.0,255.0,50%
W079KB_ALLS,Goth Motif Crew Neck Jumper,880.0,440.0,50%
W102FB_ALLS,Lola Leather Loafers,970.0,485.0,50%
W131JB_ALLS,Separo Embellished Sweatshirt,730.0,365.0,50%
W135DB_ALLS,Alana Printed Wrap Over Midi Dress,1025.0,510.0,50%
W149KB_ALLS,A Star High Neck Jacquard Jumper,880.0,440.0,50%
W172DB_ALLS,Regina Velvet Sparkle Drawcord Mini Dress,825.0,410.0,50%
M089KB_ALLS,Aspen Waffle Crew Neck Jumper,495.0,245.0,51%
W029QB_ALLS,Sae Wide Leg Relaxed Fit Trousers,1025.0,510.0,50%
W026FB_ALLS,Bazely Pointed Toe Leather Boots,1175.0,585.0,50%
W057PB_ALLS,Livvy Metallic Bodycon Corset,730.0,365.0,50%
W063TB_ALLS,Silk Blend Printed Trousers,820.0,410.0,50%
W111FB_ALLS,Thelma Suede Low Top Trainers,775.0,385.0,50%
W190DB_ALLS,Amos 2-In-1 Satin Maxi Dress,1190.0,595.0,50%
W240JB_ALLS,Rina Long Sleeve Scoop Neck T-Shirt,230.0,135.0,41%
W241DB_ALLS,Adara Polka Dot Tulle Mini Dress,930.0,465.0,50%
W252DB_ALLS,MELODY DRESS,930.0,465.0,50%
W255DB_ALLS,Hadley Metallic Midi Slip Dress,725.0,360.0,50%
W289DB_ALLS,Daisy Topaz Sequin Cut Out Maxi Dress,1025.0,510.0,50%
W291DB_ALLS,Lili Tanana Printed Maxi Dress,1090.0,545.0,50%
W025JZ_ALLS,Rita Shimmer Relaxed Fit T-Shirt,300.0,150.0,50%
M094SB_ALLS,Tolhurst Relaxed Fit Shirt,645.0,320.0,50%
M126SB_ALLS,Buzzard Printed Relaxed Fit Shirt,645.0,320.0,50%
M149SB_ALLS,Ouija Relaxed Fit Shirt,645.0,385.0,40%
M003XA_ALLS,Falcon Recycled Pouch Bag,510.0,255.0,50%
M015TB_ALLS,Draven Velour Wide Leg Sweatpants,645.0,320.0,50%
M151SB_ALLS,Lorella Textured Ramskull Shirt,535.0,265.0,50%
M017JB_ALLS,Faris Scoop Neck Slim Fit T-Shirt,175.0,105.0,40%
W138JB_ALLS,Omnium Amphia Logo Hoodie,715.0,500.0,30%
W023TB_ALLS,Charli Silk Blend Wide Leg Trousers,820.0,410.0,50%
M041QB_ALLS,Heddon Pinstriped Lightweight Suit,1705.0,850.0,50%
M042QB_ALLS,Heddon Tailored Pinstripe Trousers,820.0,410.0,50%
M048OB_ALLS,Rockpile Tierra Logo Jacket,1240.0,620.0,50%
M020NB_ALLS,Draven Velour Relaxed Fit Tracksuit,700.0,350.0,50%
M016TB_ALLS,Sinclair Wide Leg Pinstripe Sweatpants,645.0,320.0,50%
M031TB_ALLS,Underground Relaxed Fit Logo Sweatpants,535.0,265.0,50%
M047KB_ALLS,Hades Laddered Crew Neck Jumper,755.0,375.0,50%
M063PB_ALLS,Fraktur Logo Print Oversized T-Shirt,355.0,175.0,51%
M089SB_ALLS,Echo Slim Fit Long Sleeve Shirt,645.0,320.0,50%
M091KB_ALLS,Kilburn Long Sleeve Polo Jumper,425.0,210.0,51%
M097SB_ALLS,Sutta Long Sleeve Relaxed Fit Shirt,535.0,265.0,50%
M153SB_ALLS,Tahoe Garment Dyed Relaxed Fit Shirt,535.0,265.0,50%
M164SB_ALLS,Staveley Ramskull Embroidered Shirt,535.0,265.0,50%
W028QB_ALLS,Sae Relaxed Fit Blazer,1490.0,745.0,50%
W110KB_ALLS,Sabrina Metallic Relaxed Fit Tank Top,615.0,305.0,50%
W120DB_ALLS,Laura Silk Blend One Shoulder Maxi Dress,990.0,495.0,50%
W115PB_ALLS,Imago Studded Leather Bodice,1025.0,510.0,50%
W136JB_ALLS,Charli Lace Bodysuit,360.0,215.0,40%
W138DB_ALLS,Eris Ruched Velvet Mini Dress,990.0,495.0,50%
W151FB_ALLS,Noir Square Toe Heeled Sandal,1240.0,820.0,34%
W254DB_ALLS,Cavarly Long Sleeve Ruffle Maxi Dress,1190.0,595.0,50%
W278DB_ALLS,Jayda V-Neck Zip Front Mini Dress,1025.0,495.0,52%
W044TB_ALLS,Astarte Tapered Leg Trousers,755.0,375.0,50%
W049PB_ALLS,PENNY TOP,645.0,320.0,50%
W056EB_ALLS,Metallic Denim,690.0,345.0,50%
W054PB_ALLS,Eris Metallic Leopard Print Top,590.0,350.0,41%
W106KB_ALLS,Sabrina Metallic Relaxed Fit Cardigan,990.0,495.0,50%
W108PB_ALLS,Avala Printed Draped Top,820.0,410.0,50%
W205DB_ALLS,Muriel 2-In-1 Knitted Slim Midi Dress,1250.0,625.0,50%
W258DB_ALLS,LILI MAXI DRESS,1090.0,545.0,50%
M064KB_ALLS,Scripture Gothic Jacquard Logo Jumper,700.0,350.0,50%
W213JB_ALLS,Adara Polka Dot Tulle Tank Top,320.0,190.0,41%
W015QB_ALLS,Shores Wide Leg Relaxed Fit Trousers,915.0,455.0,50%
W160DB_ALLS,Devin Draped Mini Dress,690.0,410.0,41%
W118PB_ALLS,Regina Velvet Cut-Out Cropped Top,510.0,255.0,50%
W152JB_ALLS,Kit Talon Tiger Print Hoodie,700.0,350.0,50%
W031TB_ALLS,Myrtle Relaxed Trousers,820.0,410.0,50%
W141JB_ALLS,Amelie Shatter Relaxed Fit T-Shirt,430.0,215.0,50%
W256DB_ALLS,Abi Lace Trim Draped Midi Dress,930.0,465.0,50%
W069RB_ALLS,Bryony Leopard Print Maxi Skirt,510.0,355.0,30%
W087RB_ALLS,Francesca Embellished Fringe Midi Skirt,1190.0,710.0,40%
W247DB_ALLS,Nora Ruched Sparkle Midi Dress,825.0,495.0,40%
W082RB_ALLS,Kaya Pleated Asymmetric Midi Skirt,930.0,555.0,40%
M076PA_ALLS,Reid Slim Fit Ramskull Polo Shirt,335.0,200.0,40%
W248DB_ALLS,Nora Ruched Sparkle Midi Dress,825.0,495.0,40%
W040RB_ALLS,Ariella Lace Midi Skirt,715.0,425.0,41%
W064DC_ALLS,Mahree Gathered Slim Fit Midi Dress,1025.0,510.0,50%
M054PB_ALLS,Cryptierra Oversized Crew Neck T-Shirt,355.0,210.0,41%
M076PB_ALLS,Reform Short Sleeve Polo Shirts 2 Pack,615.0,305.0,50%
W087PB_ALLS,Myrtle Long Line Shirt,820.0,410.0,50%
W155DB_ALLS,Ryla Polka Dot Mesh Maxi Dress,1330.0,665.0,50%
W132JB_ALLS,Talon Butterfly Embellished Hoodie,880.0,440.0,50%
W085PB_ALLS,Ethel Lace Trim Shirt,820.0,410.0,50%
W062PB_ALLS,Rory Relaxed Fit Lace Shirt,820.0,490.0,40%
W048DB_ALLS,Luna Asymmetric Midi Dress,1290.0,770.0,40%
W076RB_ALLS,Aisha Metallic Tassel Mini Skirt,1330.0,795.0,40%
W063JB_ALLS,Nora Sparkle Long Sleeve Top,485.0,240.0,51%
W132KB_ALLS,Lock Roll Neck Relaxed Fit Jumper,880.0,440.0,50%
M134SB_ALLS,Links Printed Relaxed Fit Shirt,645.0,320.0,50%
M106SB_ALLS,Troya Long Sleeve Relaxed Fit Shirt,645.0,320.0,50%
M028NB_ALLS,Sanctum Logo Relaxed Fit Sweatshirt,535.0,370.0,31%
W163XA_ALLS,Ali Logo Canvas Tote Bag,515.0,305.0,41%
W012EC_ALLS,Aki Crossover Straight Leg Denim Jeans,765.0,535.0,30%
W077JB_ALLS,ARTIA TEE,265.0,155.0,42%
M171SB_ALLS,Harrier Relaxed Fit Shirt,645.0,320.0,50%
W024EA_ALLS,Wendel Straight Wide Leg Denim Jeans,685.0,340.0,50%
W171JB_ALLS,TIEROTH TALON HOODY,730.0,365.0,50%
W260DB_ALLS,Leia Dott 2-In-1 Pleated Midi Dress,1330.0,665.0,50%
M047LB_ALLS,Murphy Tab Collar Leather Jacket,1950.0,975.0,50%
W095KB_ALLS,Myra Cowl Neck Merino Wool Jumper,755.0,375.0,50%
W064LB_ALLS,Billie Relaxed Fit Leather Biker Gilet,1980.0,990.0,50%
W136KB_ALLS,Starlet Brushed Jacquard Jumper,880.0,440.0,50%
W003DC_ALLS,Keiko Mesh Gathered V-Neck Midi Dress,870.0,520.0,40%
W042PC_ALLS,Leyla Silk Linen Blend Shirt,820.0,490.0,40%
W081DC_ALLS,Leyla Silk Linen Blend Shirt Dress,1090.0,650.0,40%
W155JB_ALLS,KATLYN LS TOP,320.0,190.0,41%
W036DC_ALLS,Lexi Satin Midi Dress,1025.0,510.0,50%
W042KC_ALLS,Amora Jacquard Brushed Cardigan,990.0,495.0,50%
W052EC_ALLS,Aki Crossover Straight Leg Denim Jeans,765.0,455.0,41%
W028TC_ALLS,Vin Embroidered Logo Velvet Sweatpants,665.0,395.0,41%
W003QC_ALLS,Aleida Lightweight Tri Blazer,700.0,350.0,50%
W075JC_ALLS,Vinny Relaxed Fit Zip Up Velvet Hoodie,700.0,350.0,50%
W043EC_ALLS,Jett Barrel Leg Denim Jeans,715.0,425.0,41%
M001TD_ALLS,Locke Straight Leg Trousers,665.0,330.0,50%
M004EC_ALLS,Lenny Loose Fit Wide Leg Denim Jeans,620.0,310.0,50%
M005JC_ALLS,Finn Long Sleeve Crew Neck Oversized T-Shirt,300.0,150.0,50%
M018WC_ALLS,TIERRA SWIMSHORT,355.0,175.0,51%
W191DC_ALLS,Nat Ruffled High Low Maxi Dress,1330.0,665.0,50%
W001TC_ALLS,Mila Tapered Slim Fit Denim Trousers,755.0,375.0,50%
W005DC_ALLS,Hanako Print Mesh Wrap Maxi Dress,890.0,445.0,50%
W007DC_ALLS,Rivi Draped Long Sleeve Midi Dress,665.0,395.0,41%
W013EC_ALLS,Hollis Slim Flocked Denim Bootcut Jeans,765.0,455.0,41%
W014PC_ALLS,Bettie Floral Print Adjustable Drawcord Top,510.0,255.0,50%
W017EC_ALLS,Fox Asymmetric Hem Wide Leg Denim Jeans,765.0,455.0,41%
W018RC_ALLS,Antonia Knitted Bodycon Skirt,820.0,410.0,50%
W024TC_ALLS,Charli Wide Leg Snake Print Trousers,820.0,410.0,50%
W094XC_ALLS,Ondine Leather Shoulder Bag,1280.0,895.0,30%
M023KC_ALLS,Bubble Saints Oversized Jumper,905.0,450.0,50%
W037QC_ALLS,Aleida Lightweight Tri Trousers,645.0,320.0,50%
W067JC_ALLS,Bec Long Sleeve Slim Ramskull T-Shirt,265.0,130.0,51%
W090LB_ALLS,Ellis Leather Funnel Neck Biker Jacket,1845.0,920.0,50%
W030DC_ALLS,Vittoria 2-In-1 Pleated Midi Dress,1290.0,645.0,50%
W080JC_ALLS,Dani Haven Embroidered Sweatshirt,560.0,280.0,50%
W050DC_ALLS,Rizo Snake Print Silk Blend Midi Dress,1090.0,545.0,50%
W224DC_ALLS,Minori 2-In-1 Ribbed Midi Dress,1190.0,595.0,50%
M004NB_ALLS,Haven Embroidered Logo Oversized Hoodie,765.0,380.0,50%
W005QC_ALLS,Aleida Lightweight Tri Waistcoat,510.0,255.0,50%
W006PC_ALLS,Charli Long Sleeve Shirt,820.0,410.0,50%
W024KC_ALLS,Antonia V-Neck Merino Wool Cardigan,1125.0,560.0,50%
W013RC_ALLS,Cassie Satin SIlk Midi Skirt,820.0,410.0,50%
W032JC_ALLS,Aki Long Sleeve Funnel Neck T-Shirt,330.0,195.0,41%
W025TC_ALLS,Ryla Flared Hem Slim Fit Trousers,615.0,305.0,50%
W058RC_ALLS,Rory Lace Maxi Skirt,990.0,690.0,30%
W034EC_ALLS,Daisy Mae Tapered Leg Cargo Denim Jeans,765.0,455.0,41%
W023DC_ALLS,Faye Oversized Denim Shacket Dress,890.0,445.0,50%
M017LC_ALLS,Gen Lightweight Slim Fit Leather Jacket,1990.0,995.0,50%
W206JC_ALLS,Patcher Logo Amphia Oversized Hoodie,820.0,410.0,50%
M122SC_ALLS,Amante Embroidered Slim Fit Shirt,550.0,275.0,50%
M028JC_ALLS,MONTANA SS CREW,300.0,150.0,50%
W253DC_ALLS,Katarina Short Sleeve Slim Fit Midi Dress,560.0,280.0,50%
M285XB_ALLS,Orlando Logo Printed Tote Bag,180.0,125.0,31%
W132JA_ALLS,Lottie Crew Neck Cropped T-Shirt,265.0,130.0,51%
M131SB_ALLS,STYX LEO SS SHIRT,645.0,320.0,50%
W263DC_ALLS,Auden Sanibel Print Mini Dress,990.0,495.0,50%
W266DC_ALLS,BRYONY DRESS,615.0,305.0,50%
W019DC_ALLS,RIKO MINI DRESS,790.0,395.0,50%
W034FC_ALLS,SIAN SANDAL,775.0,385.0,50%
W029RC_ALLS,VENA LEA KILT,1455.0,725.0,50%
W036TC_ALLS,TYLER TROUSER,820.0,410.0,50%
W048PC_ALLS,ANA SHIRT,510.0,255.0,50%
W051PC_ALLS,Alba Studded Oversized Denim Shirt,990.0,495.0,50%
W066DC_ALLS,Donatella 2-In-1 Midi Dress,1330.0,665.0,50%
W118PC_ALLS,Bernie Printed Relaxed Fit Shirt,820.0,410.0,50%
M022TC_ALLS,SWITCH SHORT,465.0,325.0,30%
M020KA_ALLS,Aubrey Ramskull Short Sleeve Polo Shirt,440.0,220.0,50%
W062DC_ALLS,Meg Smocked Mini Dress,820.0,410.0,50%
W071DC_ALLS,DRINA DRESS,990.0,495.0,50%
W002KC_ALLS,RIGA TANK,755.0,375.0,50%
W250DC_ALLS,ALBER STRIPE DRESS,790.0,395.0,50%
W043DC_ALLS,ROSIE DRESS,890.0,445.0,50%
W035FC_ALLS,SIAN SANDAL,775.0,385.0,50%
W035KB_ALLS,JULIEANA WRAP JUMPER,670.0,335.0,50%
W037FC_ALLS,SIAN SANDAL,775.0,385.0,50%
W023TC_ALLS,ZENNI TROUSER,820.0,410.0,50%
W142DB_ALLS,LYRA LACE DRESS,890.0,445.0,50%
W085DC_ALLS,RIZO DRESS,990.0,495.0,50%
W044PC_ALLS,EDDIE SHIRT,820.0,410.0,50%
W060RC_ALLS,KAT SKIRT,920.0,460.0,50%
W010KC_ALLS,ANTHE TANK,860.0,430.0,50%
W032PC_ALLS,Amelie Satin Relaxed Fit T-Shirt,615.0,305.0,50%
W057JC_ALLS,Amore Amphie Embroidered Hoodie,700.0,350.0,50%
M040SC_ALLS,KARMI LS SHIRT,590.0,410.0,31%
W015DC_ALLS,Hanako Cupro Wrap Maxi Dress,1090.0,545.0,50%
W007JC_ALLS,Mio Sleeveless Tank Top,330.0,195.0,41%
W007OC_ALLS,Aki Crossover Denim Jacket,825.0,410.0,50%
W039KC_ALLS,REMI KNIT TEE,860.0,430.0,50%
W205JC_ALLS,Lover Lisa Embroidered T-Shirt,330.0,165.0,50%
M020TC_ALLS,HAVEN SWEATSHORT,465.0,230.0,51%
W044FA_ALLS,BIGGY SLIDER,360.0,180.0,50%
W094JC_ALLS,Biggy Logo Print Cropped Sweatshirt,560.0,280.0,50%
W075TC_ALLS,Freda Denim Cargo Trousers,755.0,375.0,50%
M123SC_ALLS,Haven Long Sleeve Shirt,550.0,275.0,50%
W006RC_ALLS,Aki Crossover Skirt,510.0,255.0,50%
M003WC_ALLS,Styx Swim Shorts,355.0,210.0,41%
M013QC_ALLS,Newton Tailored Trousers,665.0,330.0,50%
W075DC_ALLS,ALEXIA DRESS,990.0,495.0,50%
M011WA_ALLS,Warden Swim Shorts,335.0,165.0,51%
W016KC_ALLS,Kayla Wool Tank Top,670.0,335.0,50%
M012QC_ALLS,Newton Double Breasted Blazer,1230.0,615.0,50%
M032TB_ALLS,Tallis Slim Fit Cropped Trousers,665.0,330.0,50%
W120XC_ALLS,ALLINGTON STRAW TOTE,620.0,430.0,31%
M014TC_ALLS,Dawson Relaxed Tailored Trousers,665.0,330.0,50%
W074DC_ALLS,Lala Floral Maxi Dress,1435.0,715.0,50%
M116SC_ALLS,FELIX SS SHIRT,460.0,230.0,50%
M003JC_ALLS,Denver Textured Vest,235.0,160.0,32%
W004JC_ALLS,Bec Roll Neck Tank Top,235.0,115.0,51%
W007PC_ALLS,Hettie Frayed Oversized Cotton Shacket,700.0,350.0,50%
W289DC_ALLS,AUDEN DRESS,990.0,495.0,50%
W076JC_ALLS,NILA ZIP SWEAT,560.0,280.0,50%
W073DC_ALLS,Bryony Maxi Slip Dress,665.0,330.0,50%
W038PC_ALLS,Heather Long Sleeve Lace Trimmed Top,820.0,410.0,50%
W038QC_ALLS,Averie Ten Relaxed Fit Blazer,1390.0,695.0,50%
W039QC_ALLS,Averie Tencel Relaxed Fit Waistcoat,765.0,380.0,50%
W255DC_ALLS,Pia Satin Dress,665.0,330.0,50%
W057OC_ALLS,Marlene Fringed Denim Jacket,1025.0,510.0,50%
W079EA_ALLS,Ida Straight Leg Jeans,665.0,395.0,41%
M015OC_ALLS,Eavis Relaxed Fit Chore Jacket,870.0,435.0,50%
M040TA_ALLS,Felix Relaxed Fit Towel Shorts,430.0,215.0,50%
W007TC_ALLS,Mila Tapered Cargo Denim Trousers,755.0,375.0,50%
W005JC_ALLS,ANNIE TEE,300.0,150.0,50%
W018DC_ALLS,Darma Floral Print Mini Dress,990.0,495.0,50%
W056OC_ALLS,Amelia Camouflage Jacket,1025.0,510.0,50%
W028RC_ALLS,Pia Satin Asymmetric Maxi Skirt,560.0,280.0,50%
W040QC_ALLS,Averie Tencel Wide Leg Trousers,970.0,485.0,50%
M115SC_ALLS,MUNROE SS SHIRT,510.0,255.0,50%
W068JC_ALLS,Amelie Flow Embellished T-shirt,510.0,255.0,50%
M014OC_ALLS,Jagger Slim Fit Denim Jacket,870.0,435.0,50%
W288DC_ALLS,Cavarly Ruffled Mini Dress,930.0,465.0,50%
W054JC_ALLS,Mira Cropped Satin Drawcord T-Shirt,390.0,195.0,50%
M017TC_ALLS,Flynn Oversized Cargo Trousers,665.0,330.0,50%
W047DC_ALLS,SKYLAR MAXI DRESS,1330.0,665.0,50%
W070OC_ALLS,Nicola Oversized Bomber Jacket,1025.0,510.0,50%
W148JC_ALLS,Lisa Cotton T-Shirt,330.0,165.0,50%
M051FC_ALLS,Biggy Low Top Canvas Trainers,460.0,320.0,30%
W267JB_ALLS,Orlando Logo Print Oversized T-Shirt,330.0,230.0,30%
W091FC_ALLS,SIAN RAFFIA SANDAL,775.0,465.0,40%
W087RC_ALLS,BRYONY SKIRT,615.0,430.0,30%
W147PC_ALLS,CARINE KIMONO,790.0,550.0,30%
W160JC_ALLS,Robin Sleeveless Jersey Top,300.0,210.0,30%
M023TC_ALLS,Alva Denim Shorts,465.0,230.0,51%
W008PB_ALLS,Rach Tiered Sheer Top,700.0,420.0,40%
M057SC_ALLS,Corsican Relaxed Fit Hawaiian Shirt,645.0,320.0,50%
M174XC_ALLS,Soleil Orlando Logo Printed Tote Bag,180.0,125.0,31%
W053TC_ALLS,Sorri Redact Logo Sweat Shorts,410.0,285.0,30%
W237DC_ALLS,Gabby Floral Print Mesh Maxi Dress,715.0,500.0,30%
M020WC_ALLS,Party Wave Swim Shorts,355.0,245.0,31%
M100SC_ALLS,Nyon Short Sleeve Shirt,645.0,450.0,30%
W043QC_ALLS,Averie Tencel Relaxed Fit Blazer,1280.0,895.0,30%
W241DC_ALLS,Arwen Floral Print Maxi Dress,715.0,500.0,30%
W029PC_ALLS,Rach Tiered Layer Top,700.0,490.0,30%
W020JZ_ALLS,Lisa Boxy Crew Neck T-Shirt,195.0,135.0,31%
W061PC_ALLS,Charli Leopard Print Shirt,820.0,410.0,50%
W212DC_ALLS,Sienna Ruffled Maxi Dress,1330.0,665.0,50%
W323XC_ALLS,Serafina Canvas Tote Bag,620.0,430.0,31%
W002TC_ALLS,Val High-Rise Cargo Linen Blend Trousers,755.0,525.0,30%
M009WC_ALLS,Marseille Swim Shorts,355.0,175.0,51%
M031KC_ALLS,Thoma Short Sleeve Polo Shirt,615.0,430.0,30%
W057PC_ALLS,Delphine Floral Print Shirt,820.0,570.0,30%
M006TA_ALLS,Cross Tallis Linen Blend Slim Trousers,720.0,500.0,31%
W083JC_ALLS,Mira Cropped Drawcord T-Shirt,300.0,210.0,30%
W046QC_ALLS,Averie Tencel Relaxed Fit Shorts,765.0,535.0,30%
W037TC_ALLS,Charli Leopard Print Shorts,510.0,355.0,30%
M021WC_ALLS,Soleil Swim Shorts,355.0,245.0,31%
W062OC_ALLS,Sonny Cropped Oversized Jacket,825.0,575.0,30%
M025QC_ALLS,Odin Straight Leg Tailored Trousers,920.0,550.0,40%
W074RB_ALLS,Phia Metallic Asymmetric Maxi Skirt,820.0,410.0,50%
W129DC_ALLS,Zola Broderie Anglaise Mini Dress,890.0,620.0,30%
W209DC_ALLS,Serene Floral Print Midi Dress,1090.0,650.0,40%
W203DC_ALLS,Alexia V-Neck Drawstring Midi Slip Dress,990.0,690.0,30%
W213JC_ALLS,Anna Floral Print Crew Neck Short Sleeve T-Shirt,195.0,135.0,31%
W078TC_ALLS,Giana Crochet Shorts,410.0,285.0,30%
W302DC_ALLS,Xanthe Lace-Trimmed Maxi Dress,1290.0,900.0,30%
M015NC_ALLS,Soleil Crew Oversized Cropped Sweatshirt,560.0,280.0,50%
M026TC_ALLS,Tanner Relaxed Fit Trousers,665.0,395.0,41%
M098SC_ALLS,Farley Short Sleeve Shirt,690.0,480.0,30%
M120XC_ALLS,Jett Beach Tote Bag,560.0,335.0,40%
W197DC_ALLS,Ola Midi Dress,1090.0,760.0,30%
W070RC_ALLS,Cavarly Floral Print Maxi Skirt,920.0,640.0,30%
W084TC_ALLS,Isla Floral Print Shorts,510.0,355.0,30%
W138DC_ALLS,Luci Broderie Mini Dress,990.0,690.0,30%
W191JB_ALLS,Anna Crew Neck Short Sleeve T-Shirt,195.0,135.0,31%
W238DC_ALLS,Sonny Drawcord Side Mini Dress,510.0,305.0,40%
W091EC_ALLS,Blake Wide Leg Denim Jeans,715.0,500.0,30%
W097FC_ALLS,Tyla Leather Sandals,645.0,450.0,30%
W116PC_ALLS,Tove Embellished Oversized Denim Shirt,1025.0,510.0,50%
W161DC_ALLS,Xanthe Lace-Trimmed Mini Dress,1090.0,545.0,50%
M059SC_ALLS,Gnar Relaxed Fit Hawaiian Shirt,645.0,320.0,50%
M050FC_ALLS,Saint Leather Low Top Trainers,645.0,385.0,40%
M150SC_ALLS,Liner Printed Relaxed Fit Shirt,645.0,450.0,30%
W043FC_ALLS,Isla Leather Sandals,875.0,610.0,30%
W041TC_ALLS,Caramin Crinkle Trousers,755.0,525.0,30%
W072TC_ALLS,Freda Tapered Cargo Trousers,755.0,525.0,30%
W346DC_ALLS,Ezra Maxi Shirt Dress,790.0,395.0,50%
W055OC_ALLS,Laura Embellished Denim Waistcoat,1025.0,715.0,30%
W100PC_ALLS,Trisha Crinkle Top,700.0,490.0,30%
M007JC_ALLS,Sonny Short Sleeve T-Shirt,320.0,220.0,31%
W164JC_ALLS,Amelie Film Artwork Oversized T-shirt,330.0,230.0,30%
M001TC_ALLS,Helix Straight Leg Sweat Shorts,430.0,215.0,50%
M025KA_ALLS,Aspen Polo T-Shirt,510.0,355.0,30%
M151SC_ALLS,Marseille Short Sleeve Hawaiian Shirt,645.0,320.0,50%
W182JC_ALLS,June Short Sleeve T-shirt,235.0,160.0,32%
W215DC_ALLS,Grace Floral Print Midi Dress,1090.0,760.0,30%
W221DC_ALLS,Faye Denim Mini Dress,890.0,620.0,30%
W251DC_ALLS,FAYE SHACKET DRESS,890.0,530.0,40%
M019WC_ALLS,Distortion Swim Shorts,355.0,245.0,31%
W192JC_ALLS,Katarina Boat Neck Slim Fit Tank Top,235.0,160.0,32%
W136JC_ALLS,Amelie Aroma Oversized T-shirt,330.0,230.0,30%
M026PD_ALLS,THEO SS POLO,355.0,245.0,31%
W222DC_ALLS,Delphine Floral Print Maxi Shirt Dress,1390.0,970.0,30%
M155SC_ALLS,Veda Short Sleeve Shirt,625.0,310.0,50%
M071SC_ALLS,Holme Long Sleeve Oversized Shirt,700.0,490.0,30%
W065EC_ALLS,Daisy Tapered-Leg Jeans,765.0,380.0,50%
W064PC_ALLS,Penny Wrap Over Shirt,650.0,455.0,30%
W087KC_ALLS,Kaito V-neck Jumper,690.0,480.0,30%
W093KC_ALLS,Kaito Open Knit Cardigan,820.0,570.0,30%
M105SC_ALLS,Scripture Short Sleeve Textured Shirt,700.0,490.0,30%
M022TA_ALLS,Hanbury Relaxed Fit Shorts,515.0,255.0,50%
W033JA_ALLS,Ode Smocked Sleeveless Tank Top,300.0,210.0,30%
W037TA_ALLS,Val Linen Blend Cargo Trousers,755.0,525.0,30%
W163JC_ALLS,Sunnies Brooke Tank Top,300.0,210.0,30%
W092KC_ALLS,Misha V-neck Knitted Jumper,690.0,480.0,30%
M161SC_ALLS,Rialto Oversized Short Sleeve Shirt,510.0,355.0,30%
W211JA_ALLS,Lisa Biggy Logo T-Shirt,330.0,230.0,30%
W090FC_ALLS,Sian Leather Buckle Sandals,875.0,610.0,30%
W045QC_ALLS,Averie Tencel Wide Leg Trousers,920.0,640.0,30%
W159DC_ALLS,Annalie Asymmetric Midi Dress,790.0,550.0,30%
W070PC_ALLS,Talia Lace Cropped Top,460.0,230.0,50%
W214JA_ALLS,West Sleeveless Tank Top,300.0,150.0,50%
M086FB_ALLS,Brody Leather Low Top Trainers,645.0,450.0,30%
W343DC_ALLS,ARI DRESS,990.0,690.0,30%
W104DC_ALLS,Arwen Leopard Print Dress,715.0,500.0,30%
M093XC_ALLS,Redact Tote Bag,180.0,125.0,31%
W240DC_ALLS,Lil Asymmetric Floral Print Beach Dress,715.0,500.0,30%
W082EC_ALLS,Miller Size Me Stretch Denim Jeans,665.0,330.0,50%
W115FC_ALLS,Magda Studded Leather Sandals,875.0,610.0,30%
M008TC_ALLS,Talbot Straight Leg Shorts,515.0,360.0,30%
W105PC_ALLS,Remy Gathered Top,650.0,455.0,30%
W093PC_ALLS,Remy Gathered Top,650.0,455.0,30%
W073TC_ALLS,Val High-Rise Cargo Linen Blend Trousers,755.0,525.0,30%
M022JC_ALLS,Jonah Sleeveless Round Neck T-shirt,235.0,160.0,32%
W062EC_ALLS,Eliana High Rise Denim Shorts,510.0,355.0,30%
W060EC_ALLS,Blake Frayed Wide Leg Denim Jeans,715.0,500.0,30%
W180XA_ALLS,Izzy Logo Print Knitted Tote Bag,535.0,265.0,50%
